{
  "welcomeFile": "/webapp/index.html",
  "routes": [
    {
      "path": "/resources",
      "target": {
        "type": "service",
        "name": "sapui5",
        "entryPath": "/resources"
      },
      "description": "SAPUI5 Resources"
    },
    {
      "path": "/test-resources",
      "target": {
        "type": "service",
        "name": "sapui5",
        "entryPath": "/test-resources"
      },
      "description": "SAPUI5 Resources"
    },
    {
      "path": "/webapp/resources",
      "target": {
        "type": "service",
        "name": "sapui5",
        "entryPath": "/resources"
      },
      "description": "SAPUI5 Resources"
    },
    {
      "path": "/webapp/test-resources",
      "target": {
        "type": "service",
        "name": "sapui5",
        "entryPath": "/test-resources"
      },
      "description": "SAPUI5 Test Resources"
    },
    {
  "path": "/sap/opu/odata",
  "target": {
    "type": "destination",
    "name": "SAP_Gateway",
    "entryPath": "/sap/opu/odata"
  },
  "description": "Development"
}
  ],
  "sendWelcomeFileRedirect": true
}